<?xml version="1.0" encoding="UTF-8"?>
<!DOCTYPE mapper PUBLIC "-//mybatis.org//DTD Mapper 3.0//EN" "http://mybatis.org/dtd/mybatis-3-mapper.dtd">
<mapper namespace="com.activillage.user.answer.dao.AnswerDao">

	<!-- 답변 목록 -->
	<select id="answerList" resultType="answer">
		select * from act_s_answer
	</select>

	<!-- 문의사항 답변등록 -->
	<insert id="inquiryAnswerRegi" parameterType="answer">
		<selectKey keyProperty="s_a_no" resultType="int"
			order="BEFORE">
			select act_s_answer_seq.nextval from dual
		</selectKey>
		insert into act_s_answer(s_a_no, s_q_no, s_a_content, m_no)
		values(#{s_a_no}, #{s_q_no}, #{s_a_content}, #{m_no})
	</insert>

	<!-- 답변 삭제 -->
	<delete id="inquiryAnswerDelete" parameterType="answer">
		delete from
		act_s_answer where s_a_no = #{s_a_no}
	</delete>
	
	<!-- 글 강제삭제 -->
	<delete id="inquiryallDelete" parameterType="int">
		delete from
		act_s_answer where s_q_no = #{s_q_no}
	</delete>

	<!-- 답변 상세보기 -->
	<select id="answerDetail" parameterType="int"
		resultType="answer">
		select s_a_no, s_q_no, m_no, s_a_content,
		to_char(s_a_date,
		'YYYY-MM-DD HH24:MI:SS') AS s_a_date
		from
		act_s_answer
		where s_q_no =
		#{s_q_no}
	</select>

	<!-- 답변 여부 -->
	<select id="answerExist" parameterType="int" resultType="answer">
		select
		s_a_no
		from
		act_s_answer
		where s_q_no = #{s_q_no}
	</select>
</mapper>