<?xml version="1.0" encoding="UTF-8"?>
<!DOCTYPE mapper PUBLIC "-//mybatis.org//DTD Mapper 3.0//EN" "http://mybatis.org/dtd/mybatis-3-mapper.dtd">
<mapper namespace="com.activillage.user.ganswer.dao.GanswerDAO">
	<select id="gAnswerList" parameterType="int"
		resultType="gAnswer">
		select g_a_no, g_q_no, g_a_content, s_email, g_a_date
		from act_g_answer
		where g_q_no = #{g_q_no}
		order by g_a_date
	</select>
	
	<insert id="gAnswerWrite">
	<selectKey keyProperty="g_a_no" resultType="int" order="BEFORE">
	select act_g_answer_seq.nextval from dual
	</selectKey>
	insert into act_g_answer(
	g_a_no, g_q_no, g_a_content, s_email, g_a_date
	)values(
	#{g_a_no}, #{g_q_no}, #{g_a_content}, #{s_email}, sysdate
	)
	</insert>
	
	<!-- 사업자 상품 답변 삭제 -->
	<delete id="gAnswerDelete">
		delete act_g_answer where g_a_no = #{g_a_no}
	</delete>
	
	<!-- 질문 삭제시 답변같이 삭제 -->
	<delete id="gAnswerDeleteQuestion">
		delete act_g_answer where g_q_no = #{g_q_no}
	</delete>
</mapper>