<?xml version="1.0" encoding="UTF-8"?>
<!DOCTYPE mapper PUBLIC "-//mybatis.org//DTD Mapper 3.0//EN" "http://mybatis.org/dtd/mybatis-3-mapper.dtd">
<mapper namespace="com.activillage.seller.goods.dao.GoodsDao">

	<!-- 중복확인을 위한 셀렉트 -->
	<select id="goodsSelect" parameterType="String" resultType="goods">
		select * from act_goods where g_name = #{g_name}
	</select>

	<!-- 상품 상세 조회 -->
	<select id="goodsDetail" parameterType="int" resultType="goods">
		select
		g_no, s_email, s_phone, g_name, g_do, g_category,
		g_price, g_thumb, g_image1, g_image2, g_image3,
		to_char(g_sday,'yyyy-mm-dd') as g_sday,
		to_char(g_eday,'yyyy-mm-dd') as g_eday,
		g_intro, g_info, to_char(g_rday,'yyyy-mm-dd') as g_rday, g_post
		from act_goods
		where g_no = #{g_no}
	</select>

	<!-- 상품 등록 -->
	<insert id="goodsRegiste" parameterType="goods">
		<selectKey keyProperty="g_no" resultType="int" order="BEFORE">
			select act_goods_seq.nextval from dual
		</selectKey>
		
		insert into act_goods(
			g_no,
			s_email,
			s_phone,
			g_name,
			g_do,
			g_category,
			g_price,
			g_thumb,
			g_image1,
			g_image2,
			g_image3,
			g_sday,
			g_eday,
			g_intro,
			g_info
		)
		values(
			#{g_no},
			#{s_email},
			#{s_phone},
			#{g_name},
			#{g_do},
			#{g_category},
			#{g_price},
			#{g_thumb},
			#{g_image1},
			#{g_image2},
			#{g_image3},
			#{g_sday},
			#{g_eday},
			#{g_intro},
			#{g_info}
		)
		
	</insert>


	<!-- 상품 수정 -->
	<update id="goodsUpdate" parameterType="goods">
		
		update act_goods
		set g_name = #{g_name},
		g_do = #{g_do},
		g_category = #{g_category},
		g_price = #{g_price},
		g_thumb = #{g_thumb},
		g_image1 = #{g_image1},
		g_image2 = #{g_image2},
		g_image3 = #{g_image3},
		g_sday = #{g_sday},
		g_eday = #{g_eday},
		g_intro = #{g_intro},
		g_info = #{g_info}
		where g_no = #{g_no}
		
	</update>
	
	
	<!-- 상품 삭제 -->
	<delete id="goodsDelete" parameterType="goods">
		delete from act_goods where g_no = #{g_no}
	</delete>
	
	
	<!-- 상품 게시 -->
	<update id="goodsPostUp" parameterType="goods">
		
		update act_goods
		set g_post = 'Y'
		where g_no = #{g_no}
		
	</update>
	
	
	<!-- 상품 내리기 -->
	<update id="goodsPostDown" parameterType="goods">
		
		update act_goods
		set g_post = 'N'
		where g_no = #{g_no}
		
	</update>
	
	<!-- 상품 가격 등록 -->
	<update id="goodsPriceUpdate" parameterType="goods">
	
		update act_goods
		set g_price = #{g_price}
		where g_no = #{g_no}
	
	</update>
	
	<!-- 사업자별 게시된 상품 조회 -->
	<select id="goodsPostedList" parameterType="goods" resultType="goods">
	
		select * from act_goods
		where s_email=#{s_email}
		and g_post = 'Y'
	
	</select>
	
	<!-- (종륜)상품리스트 불러오기 12월 25일 추가하였음 -->
	<select id="mypageGoodsList" parameterType="goods"
		resultType="goods">
		select g_no, g_name, g_thumb, to_char(g_rday, 'YYYY-MM-DD HH24:MI:SS')
		as g_rday, g_post, s_email
		from
		( select list.*, ROWNUM as RNUM
		from (
		select *
		from act_goods where s_email = #{s_email}
		<choose>
			<when test="order_by=='g_name'">
				order by g_name
			</when>
			<when test="order_by=='g_rday'">
				order by g_rday
			</when>
		</choose>
		<choose>
			<when test="order_sc=='ASC'">
				ASC
			</when>
			<when test="order_sc=='DESC'">
				DESC
			</when>
		</choose>
		) list
		)

		<where>
			<if test="start_row != null and start_row != ''">
				<if test="end_row != null and end_row != ''">
					RNUM BETWEEN #{start_row} AND #{end_row}
				</if>
			</if>
		</where>
	</select>

	<!-- (종륜)상품 전체 갯수 12월 14일 추가 -->
	<select id="goodsListCnt" parameterType="goods" resultType="int">
		select NVL(count(1), 0) from
		( select list.*, ROWNUM AS RNUM FROM (
		select *
		from act_goods
		where s_email=#{s_email}
		order by g_no desc
		) list
		)
	</select>

</mapper>