<?xml version="1.0" encoding="UTF-8"?>
<!DOCTYPE mapper PUBLIC "-//mybatis.org//DTD Mapper 3.0//EN" "http://mybatis.org/dtd/mybatis-3-mapper.dtd">
<mapper namespace="com.activillage.seller.goods.dao.GoodsDao">

	<select id="goodsList" parameterType="goodsList"
		resultType="goodsList">
		SELECT g_no, g_do, g_thumb, g_name, g_price, g_category,
		g_grade
		FROM
		(select list.*,
		rownum as rnum
		from(
		select * from
		act_goods
		<where>
			g_post = 'Y'
			<if test="search_name =='do_name' and search_keyword != ''">
				<![CDATA[and g_do LIKE '%'|| #{search_keyword} ||'%' order by g_grade ]]>
			</if>
			<if test="search_name=='goods_name' and search_keyword != ''">
				<![CDATA[and g_name LIKE '%'|| #{search_keyword} ||'%' order by g_grade ]]>
			</if>
			<if test="g_category=='total'">
				order by g_grade
			</if>
			<if test="g_category=='sky'">
				<![CDATA[and g_category = '하늘' order by g_grade ]]>
			</if>
			<if test="g_category=='land'">
				<![CDATA[and g_category = '땅' order by g_grade ]]>
			</if>
			<if test="g_category=='aqua'">
				<![CDATA[and g_category = '물' order by g_grade ]]>
			</if>
		</where>
		) list
		)
		<where>
			<if test="start_row != null and start_row != ''">
				<if test="end_row != null and end_row != ''">
					RNUM BETWEEN #{start_row} AND #{end_row}
				</if>
			</if>
		</where>
	</select>

	<select id="mainGoodsListCnt" parameterType="goodsList"
		resultType="int">

		SELECT NVL(count(1), 0) FROM
		( SELECT list.*,
		ROWNUM AS RNUM
		FROM (
		select * from
		act_goods
		<where>
			g_post = 'Y'
			<if test="search_name =='do_name' and search_keyword != ''">
				<![CDATA[and g_do LIKE '%'|| #{search_keyword} ||'%' order by g_grade ]]>
			</if>
			<if test="search_name=='goods_name' and search_keyword != ''">
				<![CDATA[and g_name LIKE '%'|| #{search_keyword} ||'%' order by g_grade ]]>
			</if>
			<if test="g_category=='total'">
				order by g_grade
			</if>
			<if test="g_category=='sky'">
				<![CDATA[and g_category = '하늘' order by g_grade ]]>
			</if>
			<if test="g_category=='land'">
				<![CDATA[and g_category = '땅' order by g_grade ]]>
			</if>
			<if test="g_category=='aqua'">
				<![CDATA[and g_category = '물' order by g_grade ]]>
			</if>
		</where>
		) list
		)
	</select>


	<select id="popularList" parameterType="goodsList"
		resultType="goodsList">
			<![CDATA[
			select rankig.g_no, rankig.g_thumb, rankig.g_name, 
			rankig.g_price, rankig.g_grade
    		from (SELECT g.g_no, g.g_thumb, g.g_name, g.g_price, g.g_grade
    		,row_number() over(order by p.rk asc) as rk
         	FROM act_goods g,(select pop,g_no,rk from(
         	select sum(b_tamount) as pop,a.g_no,
         	row_number() over(order by sum(b_tamount) desc) as rk 
         	from act_book b,act_package a 
         	where a.p_no = b.p_no group by a.g_no,b_cday 
         	having b_cday = '9999-09-09')
        	) p where p.g_no=g.g_no  and g.g_post='Y') rankig where rk<=4
			]]>
	</select>
</mapper>