<?xml version="1.0" encoding="UTF-8"?>
<!DOCTYPE mapper PUBLIC "-//mybatis.org//DTD Mapper 3.0//EN" "http://mybatis.org/dtd/mybatis-3-mapper.dtd">
<mapper
	namespace="com.activillage.user.gquestion.dao.GquestionDAO">
	<!-- 해당 상품 번호 상품 문의 질문 리스트 불러오기 -->
	<select id="questionList" parameterType="gQuestion"
		resultType="gQuestion">
<![CDATA[select g_q_no, g_no, g_name, u_email,g_q_title, g_q_date,  count
from
( select list.*, rownum as rnum 
from ( select q.g_q_no, q.g_no, q.g_name, q.u_email,q.g_q_title, q.g_q_date, count(g_a_no) count
from act_g_question q left outer join
(select g_q_no, g_a_no, count(g_a_no) count from act_g_answer group by g_q_no, g_a_no) a
on(q.g_q_no=a.g_q_no)
where g_no = #{g_no}
group by q.g_q_no, q.g_q_no, q.g_no, q.u_email, q.g_q_title, q.g_name, q.g_q_date
order by g_q_date desc
) list 
)]]>
		<where>
			<if test="start_rowQ != null and start_rowQ != ''">
				<if test="end_rowQ != null and end_rowQ != ''">
					RNUM between #{start_rowQ} and #{end_rowQ}
				</if>
			</if>
		</where>
	</select>

	<!-- 상품 문의 질문 등록하기 -->
	<insert id="questionWrite">
		<selectKey keyProperty="g_q_no" resultType="int"
			order="BEFORE">
			select act_g_question_seq.nextval from dual
		</selectKey>
		insert into act_g_question(
		g_q_no, g_no, g_name, u_email, g_q_title,
		g_q_content, g_q_date
		)values(
		#{g_q_no}, #{g_no}, #{g_name},
		#{u_email}, #{g_q_title}, #{g_q_content}, sysdate
		)
	</insert>

	<!-- 상세 페이지를 위한 해당 상품 게시물 조회 -->
	<select id="questionDetail" parameterType="int"
		resultType="gQuestion">
		select g_q_no,g_no,g_name,u_email,g_q_title,g_q_content,
		to_char(g_q_date,'yyyy-mm-dd') as g_q_date
		from act_g_question
		where
		g_q_no = #{g_q_no}
	</select>


	<select id="gquesDetail" parameterType="int"
		resultType="gQuestion">
		select g_q_no,g_no,g_name,u_email,g_q_title,g_q_content,
		to_char(g_q_date,'yyyy-mm-dd') as g_q_date
		from act_g_question
		where
		g_q_no = #{g_q_no}
	</select>

	<delete id="gQuestionDelete" parameterType="int">
		delete act_g_question
		where g_q_no = #{g_q_no}
	</delete>

	<!-- 상품 관련 질문 총 갯수 -->
	<select id="questionListCnt" parameterType="gQuestion"
		resultType="int">
		select NVL(count(1), 0) from
		( select list.*, rownum as rnum
		from ( select q.g_q_no, q.g_no, q.g_name, q.u_email,q.g_q_title,
		q.g_q_date, count(g_a_no) count
		from act_g_question q left outer join
		(select g_q_no, g_a_no, count(g_a_no) count from act_g_answer group by
		g_q_no, g_a_no) a
		on(q.g_q_no=a.g_q_no)
		where g_no = #{g_no}
		group by
		q.g_q_no, q.g_q_no, q.g_no, q.u_email, q.g_q_title, q.g_name,
		q.g_q_date
		order by g_q_date desc
		) list
		)
	</select>
	
	<delete id="questionGoodsDelete" parameterType="gQuestion">
		delete act_g_question where g_no=#{g_no}
	
	</delete>

</mapper>