<?xml version="1.0" encoding="UTF-8"?>
<!DOCTYPE mapper PUBLIC "-//mybatis.org//DTD Mapper 3.0//EN" "http://mybatis.org/dtd/mybatis-3-mapper.dtd">
<mapper namespace="com.activillage.seller.join.dao.SellerJoinDAO">

	<select id="sellerSelect" parameterType="String"
		resultType="seller">
		select * from act_seller
		where s_email = #{s_email}
	</select>

	<insert id="sellerInsert">
		<selectKey keyProperty="s_no" resultType="int"
			order="BEFORE">
			select act_seller_seq.nextval from dual
		</selectKey>
		insert into act_seller(s_no, s_email, s_pw, s_bnum, s_bname, s_cname,
		s_phone)
		values(#{s_no}, #{s_email}, #{s_pw}, #{s_bnum}, #{s_bname}, #{s_cname}, #{s_phone})
	</insert>

	<update id="sellerUpdate" parameterType="seller">
		update act_seller set
		s_phone = #{s_phone}
		where s_email = #{s_email}
	</update>

</mapper>