<?xml version="1.0" encoding="UTF-8"?>
<!DOCTYPE mapper PUBLIC "-//mybatis.org//DTD Mapper 3.0//EN" "http://mybatis.org/dtd/mybatis-3-mapper.dtd">
<mapper
	namespace="com.activillage.manager.user.dao.ManagerUserDao">
	<resultMap type="java.util.TreeMap" id="graph" />
	<!-- <select id="managerList" resultType="manager"> select m_no, m_id, m_name, 
		to_char(m_joinday,'YYYY-MM-DD') as m_joinday, m_retire from act_manager where 
		m_id != 'admin' and m_retire='N' </select> -->

	<!-- 게시물 전체 조회 -->
	<select id="userList" parameterType="user" resultType="user">
		SELECT u_no, u_email,u_birth,u_phone, u_name,
		to_char(u_joinday,'YYYY-MM-DD') as
		u_joinday, u_withdrawal
		FROM
		( SELECT
		list.*, ROWNUM AS RNUM
		FROM ( select *
		from act_user
		where
		u_withdrawal='N' 
		<![CDATA[ and u_name like '%'|| #{keyword} ||'%']]>
		<choose>
			<when test="order_by=='u_name'">
				ORDER BY u_name
			</when>
			<when test="order_by=='u_joinday'">
				ORDER BY u_joinday
			</when>
		</choose>
		<choose>
			<when test="order_sc=='ASC'">
				ASC
			</when>
			<when test="order_sc=='DESC'">
				DESC
			</when>
		</choose>
		) list
		)
		<where>
			<if test="start_row != null and start_row != ''">
				<if test="end_row != null and end_row != ''">
					RNUM BETWEEN #{start_row} AND #{end_row}
				</if>
			</if>
		</where>
	</select>

	<select id="userListCnt" parameterType="user" resultType="int">
		SELECT NVL(count(1), 0) FROM
		( SELECT list.*,
		ROWNUM AS RNUM
		FROM (
		select *
		from act_user
		where u_withdrawal='N' 
		<![CDATA[ and u_name like '%'|| #{keyword} ||'%']]>
		ORDER BY u_joinday desc
		) list
		)
	</select>
	
	<!-- 회원 연령대 조회 -->
	<select id="userAgeList" resultMap="graph">
		
		SELECT COUNT(CASE WHEN <![CDATA[ age < 10 ]]> THEN 1 END) "10세미만" 
		, COUNT(CASE WHEN age BETWEEN 10 AND 19 THEN 1 END) "10대" 
		, COUNT(CASE WHEN age BETWEEN 20 AND 29 THEN 1 END) "20대" 
		, COUNT(CASE WHEN age BETWEEN 30 AND 39 THEN 1 END) "30대" 
		, COUNT(CASE WHEN age BETWEEN 40 AND 49 THEN 1 END) "40대" 
		, COUNT(CASE WHEN age BETWEEN 50 AND 59 THEN 1 END) "50대" 
		, COUNT(CASE WHEN age BETWEEN 60 AND 69 THEN 1 END) "60대" 
		, COUNT(CASE WHEN age BETWEEN 70 AND 79 THEN 1 END) "70대" 
		, COUNT(CASE WHEN <![CDATA[ age >= 80 ]]>	 THEN 1 END) "80세이상" 
		FROM ( 
		  SELECT TO_CHAR(sysdate, 'yyyy') - CONCAT(CASE WHEN SUBSTR(u_birth,9,1) 
		  IN ('1','2') THEN '19' ELSE '20' END, SUBSTR(u_birth,2,2)) AS age 
		  FROM act_user where u_withdrawal ='N' 
		)
	</select>

	<!-- 사용자 강제 탈퇴 -->
	<update id="userWithdrawal" parameterType="user">
		update act_user
		set
		u_withdrawal='Y' where u_email=#{u_email}
	</update>
</mapper>
